timestamps,open,high,low,close,volume,amount
2025-08-21 00:00:00,0.2216,0.22184,0.22015,0.22175,199837897.0,44176155.10533
2025-08-21 01:00:00,0.22175,0.22367,0.22045,0.22339,242841514.0,53993022.44569
2025-08-21 02:00:00,0.22338,0.22405,0.2194,0.22092,292263319.0,64585932.83149
2025-08-21 03:00:00,0.22092,0.22442,0.22089,0.22194,305334983.0,68049007.12465
2025-08-21 04:00:00,0.22193,0.22364,0.22097,0.22264,203227448.0,45176222.49754
2025-08-21 05:00:00,0.22264,0.2241,0.22183,0.22403,235814974.0,52594535.6073
2025-08-21 06:00:00,0.22402,0.22406,0.22163,0.222,186935894.0,41574350.30766
2025-08-21 07:00:00,0.22199,0.22238,0.21983,0.22133,264659346.0,58480414.96374
2025-08-21 08:00:00,0.22134,0.22171,0.21924,0.21928,237924860.0,52421142.17946
2025-08-21 09:00:00,0.21928,0.2194,0.21787,0.21805,295757994.0,64637410.01875
2025-08-21 10:00:00,0.21806,0.21894,0.21763,0.21832,158402280.0,34588375.41714
2025-08-21 11:00:00,0.21832,0.2191,0.21659,0.21751,218967351.0,47673646.14972
2025-08-21 12:00:00,0.2175,0.21824,0.21545,0.21611,324560375.0,70414248.58999
2025-08-21 13:00:00,0.2161,0.21872,0.2158,0.21712,368007403.0,80020858.25075
2025-08-21 14:00:00,0.21713,0.22062,0.21596,0.21673,575477926.0,125545106.98851
2025-08-21 15:00:00,0.21673,0.21707,0.21437,0.2154,352878651.0,76154678.0935
2025-08-21 16:00:00,0.21539,0.2171,0.21492,0.21548,222347826.0,47984883.12816
2025-08-21 17:00:00,0.21548,0.21674,0.21441,0.21618,170777436.0,36790351.91161
2025-08-21 18:00:00,0.21619,0.21795,0.21555,0.21753,180951187.0,39219103.48814
2025-08-21 19:00:00,0.21753,0.2182,0.21456,0.21508,218436650.0,47206705.52293
2025-08-21 20:00:00,0.21508,0.2168,0.21376,0.21581,206924640.0,44510981.67484
2025-08-21 21:00:00,0.21581,0.21715,0.21445,0.21655,110984969.0,23971551.50579
2025-08-21 22:00:00,0.21656,0.21747,0.21612,0.21674,96203857.0,20860677.27804
2025-08-21 23:00:00,0.21674,0.21678,0.21385,0.21465,150457027.0,32346035.29042
2025-08-22 00:00:00,0.21465,0.21735,0.21458,0.21621,195359347.0,42240229.18541
2025-08-22 01:00:00,0.21622,0.21698,0.21443,0.21651,190893751.0,41220876.04257
2025-08-22 02:00:00,0.2165,0.21908,0.2161,0.21785,203232790.0,44340536.50475
2025-08-22 03:00:00,0.21786,0.21847,0.21503,0.21566,177444151.0,38423868.08771
2025-08-22 04:00:00,0.21566,0.21797,0.21561,0.21692,163058622.0,35372794.11365
2025-08-22 05:00:00,0.21692,0.21848,0.21663,0.21763,131498448.0,28622489.02223
2025-08-22 06:00:00,0.21762,0.21862,0.21508,0.2159,237150018.0,51389027.74828
2025-08-22 07:00:00,0.21591,0.21829,0.21563,0.21785,192219057.0,41814039.84697
2025-08-22 08:00:00,0.21785,0.21899,0.21736,0.21766,143418627.0,31284453.18899
2025-08-22 09:00:00,0.21767,0.21798,0.21635,0.21714,120475731.0,26158584.33341
2025-08-22 10:00:00,0.21714,0.21717,0.21344,0.21407,358728809.0,77094036.36898
2025-08-22 11:00:00,0.21408,0.21415,0.21167,0.21186,323451089.0,68775825.81312
2025-08-22 12:00:00,0.21187,0.21207,0.20812,0.21054,798685815.0,167784906.49975
2025-08-22 13:00:00,0.21054,0.21374,0.20911,0.21193,686377343.0,145207492.3577
2025-08-22 14:00:00,0.21192,0.23078,0.21189,0.22853,3387562820.0,761624423.34008
2025-08-22 15:00:00,0.22854,0.23362,0.2285,0.23008,897403038.0,207833668.33107
2025-08-22 16:00:00,0.23008,0.23724,0.23007,0.23515,956195953.0,224563435.6978
2025-08-22 17:00:00,0.23514,0.23929,0.23511,0.23769,691728682.0,164450421.53
2025-08-22 18:00:00,0.23768,0.23866,0.23615,0.23806,366565960.0,87068717.71969
2025-08-22 19:00:00,0.23806,0.23976,0.23788,0.23872,275655510.0,65839714.6331
2025-08-22 20:00:00,0.23872,0.24026,0.23861,0.23931,223400966.0,53447525.23102
2025-08-22 21:00:00,0.2393,0.24218,0.23892,0.24127,336712671.0,81017667.78281
2025-08-22 22:00:00,0.24127,0.24187,0.2389,0.23939,292920869.0,70363550.87362
2025-08-22 23:00:00,0.23939,0.24173,0.23911,0.2405,223687297.0,53736857.82836
2025-08-23 00:00:00,0.24051,0.24084,0.2376,0.23766,356753509.0,85324524.86088
2025-08-23 01:00:00,0.23767,0.23818,0.23312,0.23518,584039876.0,137482826.41823
2025-08-23 02:00:00,0.23519,0.23566,0.22895,0.23135,727399462.0,168328276.30339
2025-08-23 03:00:00,0.23135,0.23226,0.23027,0.23147,314921160.0,72842451.70989
2025-08-23 04:00:00,0.23146,0.23522,0.23125,0.2352,511469513.0,119322237.29759
2025-08-23 05:00:00,0.23519,0.2382,0.23478,0.2377,368926730.0,87304426.82079
2025-08-23 06:00:00,0.2377,0.23875,0.23642,0.23853,292868766.0,69634662.03399
2025-08-23 07:00:00,0.23853,0.23937,0.2364,0.23719,302078157.0,71783629.19634
2025-08-23 08:00:00,0.23719,0.23974,0.2371,0.23836,322855454.0,77038077.41433
2025-08-23 09:00:00,0.23836,0.23886,0.23688,0.23814,206033990.0,49001438.95903
2025-08-23 10:00:00,0.23813,0.2383,0.23576,0.2361,225111640.0,53259652.25772
2025-08-23 11:00:00,0.23611,0.23733,0.23547,0.23613,239533837.0,56613534.69972
2025-08-23 12:00:00,0.23614,0.23903,0.23503,0.23682,356830079.0,84671708.6221
2025-08-23 13:00:00,0.23683,0.23691,0.23439,0.23522,372733757.0,87821165.51074
2025-08-23 14:00:00,0.23522,0.23699,0.23441,0.23557,307446058.0,72428633.80395
2025-08-23 15:00:00,0.23557,0.23711,0.23475,0.23639,167969913.0,39624665.9407
2025-08-23 16:00:00,0.2364,0.23683,0.23547,0.23635,127778914.0,30159171.36203
2025-08-23 17:00:00,0.23636,0.23754,0.23624,0.23652,130183234.0,30846440.08941
2025-08-23 18:00:00,0.23652,0.23724,0.2363,0.23685,64836058.0,15352914.91306
2025-08-23 19:00:00,0.23685,0.23757,0.23663,0.23733,69823938.0,16554762.59421
2025-08-23 20:00:00,0.23734,0.2375,0.23573,0.2364,86069224.0,20351939.46785
2025-08-23 21:00:00,0.2364,0.23643,0.23389,0.23478,312066132.0,73307259.83567
2025-08-23 22:00:00,0.23477,0.23622,0.23476,0.23598,94447166.0,22230603.73346
2025-08-23 23:00:00,0.23599,0.23676,0.23561,0.23625,90104480.0,21284725.03335
2025-08-24 00:00:00,0.23626,0.23829,0.23619,0.23775,168981615.0,40102001.78334
2025-08-24 01:00:00,0.23775,0.23791,0.23581,0.23706,165038784.0,39107508.21088
2025-08-24 02:00:00,0.23706,0.23785,0.2357,0.23598,163366320.0,38689266.11008
2025-08-24 03:00:00,0.23598,0.23688,0.23489,0.23656,168848604.0,39791601.69966
2025-08-24 04:00:00,0.23657,0.23704,0.23552,0.23628,108817788.0,25717718.48966
2025-08-24 05:00:00,0.23628,0.2364,0.23472,0.23506,100087499.0,23576043.94247
2025-08-24 06:00:00,0.23506,0.23513,0.2319,0.23204,342819471.0,79968945.42421
2025-08-24 07:00:00,0.23203,0.23381,0.23195,0.23215,215987923.0,50293668.97271
2025-08-24 08:00:00,0.23214,0.23316,0.2312,0.23224,184942657.0,42952460.43676
2025-08-24 09:00:00,0.23225,0.23293,0.23132,0.2319,150077815.0,34819845.67655
2025-08-24 10:00:00,0.2319,0.23211,0.22925,0.22983,279897241.0,64466981.59096
2025-08-24 11:00:00,0.22984,0.23039,0.22817,0.22948,287611513.0,65903795.38759
2025-08-24 12:00:00,0.22947,0.23019,0.22911,0.23009,156392487.0,35925077.9628
2025-08-24 13:00:00,0.23009,0.23133,0.22989,0.23005,214234238.0,49405038.02078
2025-08-24 14:00:00,0.23006,0.2321,0.22909,0.23192,224285024.0,51722214.33047
2025-08-24 15:00:00,0.23192,0.23391,0.23065,0.23113,354143353.0,82362196.16911
2025-08-24 16:00:00,0.23114,0.23249,0.23027,0.23202,195387574.0,45213425.06616
2025-08-24 17:00:00,0.23202,0.23672,0.23194,0.23542,403253044.0,94666475.19916
2025-08-24 18:00:00,0.23542,0.24259,0.23485,0.24189,691571379.0,165676091.99456
2025-08-24 19:00:00,0.24188,0.24492,0.22923,0.23407,1972680523.0,466699545.21548
2025-08-24 20:00:00,0.23407,0.23439,0.22854,0.23253,793327950.0,183908500.34233
2025-08-24 21:00:00,0.23254,0.23512,0.23071,0.23318,272813632.0,63568193.37959
2025-08-24 22:00:00,0.23318,0.23345,0.22737,0.23135,462815485.0,106385980.21363
2025-08-24 23:00:00,0.23136,0.23316,0.23106,0.23175,201691934.0,46831106.65458
2025-08-25 00:00:00,0.23174,0.23304,0.22536,0.22742,513964085.0,117398430.14734
2025-08-25 01:00:00,0.22742,0.23107,0.22712,0.22967,350324118.0,80335232.52538
2025-08-25 02:00:00,0.22966,0.23408,0.22954,0.23331,356893689.0,82946741.44736
2025-08-25 03:00:00,0.2333,0.2345,0.23035,0.23083,235160386.0,54679337.77033
2025-08-25 04:00:00,0.23082,0.2313,0.2283,0.22892,241686550.0,55515914.30175
2025-08-25 05:00:00,0.22893,0.22956,0.22653,0.22662,263975762.0,60137691.53335
2025-08-25 06:00:00,0.22661,0.22692,0.22228,0.22271,587479784.0,131948360.34278
2025-08-25 07:00:00,0.22271,0.22406,0.21948,0.22062,535168214.0,118697573.07062
2025-08-25 08:00:00,0.22063,0.22157,0.21902,0.22082,499816798.0,110174111.89813
2025-08-25 09:00:00,0.22081,0.22112,0.21942,0.221,277482810.0,61103445.88301
2025-08-25 10:00:00,0.221,0.221,0.2168,0.21835,545631762.0,119139533.17649
2025-08-25 11:00:00,0.21835,0.21957,0.21758,0.21953,228043117.0,49838549.06012
2025-08-25 12:00:00,0.21953,0.22082,0.21843,0.22077,289115054.0,63478332.58094
2025-08-25 13:00:00,0.22076,0.22076,0.21729,0.21885,520388951.0,114003109.32849
2025-08-25 14:00:00,0.21886,0.22111,0.21823,0.22016,371581064.0,81707859.33748
2025-08-25 15:00:00,0.22017,0.22048,0.21782,0.2184,293360435.0,64320929.70701
2025-08-25 16:00:00,0.21841,0.22035,0.21707,0.21801,291013958.0,63660710.33778
2025-08-25 17:00:00,0.218,0.21917,0.21645,0.21843,256928859.0,55960425.00516
2025-08-25 18:00:00,0.21844,0.21898,0.21709,0.21757,172231109.0,37535426.1304
2025-08-25 19:00:00,0.21759,0.21777,0.21338,0.2137,590469615.0,127204455.00199
2025-08-25 20:00:00,0.21371,0.21454,0.2067,0.207,1376344610.0,289486508.7832
2025-08-25 21:00:00,0.20701,0.2088,0.20571,0.20738,578433084.0,119998332.11805
2025-08-25 22:00:00,0.20738,0.20987,0.20694,0.20897,309802372.0,64599920.27061
2025-08-25 23:00:00,0.20898,0.21013,0.20824,0.20953,225749086.0,47211763.7525
2025-08-26 00:00:00,0.20953,0.21032,0.20699,0.20814,459096403.0,95896350.53934
2025-08-26 01:00:00,0.20814,0.21099,0.20743,0.21095,254621986.0,53375412.77447
2025-08-26 02:00:00,0.21096,0.21193,0.2093,0.20997,242241058.0,51023071.02758
2025-08-26 03:00:00,0.20998,0.21015,0.20854,0.20969,143436855.0,30057566.26451
2025-08-26 04:00:00,0.2097,0.21184,0.20964,0.21161,166451930.0,35142328.11362
2025-08-26 05:00:00,0.21162,0.21213,0.21074,0.21081,151296967.0,32021341.50212
2025-08-26 06:00:00,0.21081,0.21149,0.20919,0.20974,208476960.0,43829624.15652
2025-08-26 07:00:00,0.20973,0.2126,0.209,0.21114,278397645.0,58711697.13325
2025-08-26 08:00:00,0.21113,0.21175,0.21005,0.21047,144741235.0,30499734.50258
2025-08-26 09:00:00,0.21047,0.21132,0.21,0.2106,104262031.0,21960949.56572
2025-08-26 10:00:00,0.21061,0.212,0.21038,0.21123,134125456.0,28329826.69466
2025-08-26 11:00:00,0.21124,0.21163,0.20931,0.21042,173617727.0,36514582.19654
2025-08-26 12:00:00,0.21043,0.21495,0.20915,0.21323,668016803.0,142054984.62084
2025-08-26 13:00:00,0.21323,0.21373,0.20971,0.21189,521824857.0,110508120.68998
2025-08-26 14:00:00,0.21189,0.21449,0.21061,0.21414,380218681.0,80850731.89609
2025-08-26 15:00:00,0.21413,0.21521,0.21186,0.21257,271050957.0,57858656.20457
2025-08-26 16:00:00,0.21257,0.21519,0.21231,0.21517,221952129.0,47455478.43941
2025-08-26 17:00:00,0.21516,0.2156,0.21359,0.21534,260260226.0,55851969.69995
2025-08-26 18:00:00,0.21533,0.2171,0.21525,0.21685,212478280.0,45967267.09268
2025-08-26 19:00:00,0.21686,0.21974,0.2158,0.21932,298620895.0,65085967.74948
2025-08-26 20:00:00,0.21931,0.21942,0.21747,0.21806,214679622.0,46908806.64277
2025-08-26 21:00:00,0.21805,0.21918,0.21723,0.21912,128583420.0,28054081.68187
2025-08-26 22:00:00,0.21912,0.21965,0.21813,0.21906,141268294.0,30916065.21975
2025-08-26 23:00:00,0.21906,0.21996,0.21811,0.21833,157424404.0,34466412.19742
2025-08-27 00:00:00,0.21832,0.2184,0.21631,0.21665,207600920.0,45121558.09219
2025-08-27 01:00:00,0.21665,0.21897,0.216,0.21855,174874968.0,38006925.37431
2025-08-27 02:00:00,0.21856,0.21939,0.21775,0.21869,163800073.0,35820154.30946
2025-08-27 03:00:00,0.21869,0.2218,0.21788,0.22111,302643864.0,66570891.38387
2025-08-27 04:00:00,0.22111,0.22307,0.22073,0.22271,283006172.0,62828802.32314
2025-08-27 05:00:00,0.22272,0.22317,0.22097,0.22117,153513235.0,34076105.45738
2025-08-27 06:00:00,0.22118,0.22128,0.21935,0.21986,218982693.0,48258154.2436
2025-08-27 07:00:00,0.21987,0.22008,0.21804,0.21876,225809347.0,49432967.36717
2025-08-27 08:00:00,0.21876,0.2194,0.2173,0.21917,170878909.0,37318391.88963
2025-08-27 09:00:00,0.21917,0.22116,0.2189,0.2201,224996951.0,49553955.25021
2025-08-27 10:00:00,0.2201,0.22107,0.2194,0.21986,162188338.0,35723911.23742
2025-08-27 11:00:00,0.21986,0.22053,0.21975,0.22025,84684567.0,18645519.3803
2025-08-27 12:00:00,0.22026,0.22029,0.21824,0.21962,199345619.0,43656874.2263
2025-08-27 13:00:00,0.21961,0.22093,0.21765,0.2192,344436636.0,75545270.53658
2025-08-27 14:00:00,0.2192,0.22273,0.21839,0.22018,324532602.0,71697891.84063
2025-08-27 15:00:00,0.22018,0.22217,0.21992,0.22153,242774841.0,53657493.77899
2025-08-27 16:00:00,0.22154,0.22186,0.21935,0.22113,205615025.0,45381278.2492
2025-08-27 17:00:00,0.22112,0.22311,0.22023,0.22238,198026119.0,43901612.9582
2025-08-27 18:00:00,0.22238,0.22329,0.22081,0.22086,211770868.0,47086161.83903
2025-08-27 19:00:00,0.22086,0.22144,0.21852,0.22015,290621837.0,63961519.22968
2025-08-27 20:00:00,0.22014,0.22316,0.21815,0.22275,986858777.0,218074540.58493
2025-08-27 21:00:00,0.22276,0.22382,0.21968,0.22026,321367245.0,71272168.84777
2025-08-27 22:00:00,0.22025,0.22054,0.218,0.21946,225419026.0,49413148.19709
2025-08-27 23:00:00,0.21945,0.22088,0.21834,0.21883,235038428.0,51621296.57565
2025-08-28 00:00:00,0.21884,0.22043,0.21661,0.21916,313110251.0,68386871.13803
2025-08-28 01:00:00,0.21917,0.22164,0.21911,0.221,180781931.0,39868200.84803
2025-08-28 02:00:00,0.22101,0.22149,0.21959,0.21996,109855241.0,24233252.65464
2025-08-28 03:00:00,0.21997,0.22156,0.21982,0.22122,107705549.0,23804436.95366
2025-08-28 04:00:00,0.22122,0.22449,0.22084,0.2241,278596062.0,62116647.74151
2025-08-28 05:00:00,0.22411,0.22546,0.2224,0.22301,255739889.0,57302867.04682
2025-08-28 06:00:00,0.22302,0.22406,0.22283,0.22364,141617577.0,31646407.71969
2025-08-28 07:00:00,0.22364,0.22417,0.22259,0.2239,164271589.0,36684620.76047
2025-08-28 08:00:00,0.22389,0.22601,0.22336,0.22378,398632772.0,89620685.3135
2025-08-28 09:00:00,0.22377,0.22381,0.22239,0.22285,133508077.0,29785764.60018
2025-08-28 10:00:00,0.22285,0.22393,0.22249,0.22384,104501893.0,23336044.79539
2025-08-28 11:00:00,0.22385,0.22397,0.22295,0.22382,86096322.0,19238089.00246
2025-08-28 12:00:00,0.22382,0.22464,0.22305,0.22422,183184411.0,41020825.17088
2025-08-28 13:00:00,0.22423,0.22508,0.22263,0.22328,252586444.0,56553847.307
2025-08-28 14:00:00,0.22328,0.22467,0.22265,0.22423,226911230.0,50770346.55341
2025-08-28 15:00:00,0.22424,0.22475,0.22003,0.22112,397106434.0,88169169.50231
2025-08-28 16:00:00,0.22112,0.22333,0.21945,0.21945,290209717.0,64318836.63948
2025-08-28 17:00:00,0.21945,0.2217,0.21919,0.22135,210660917.0,46476153.8693
2025-08-28 18:00:00,0.22135,0.22316,0.22106,0.22265,150353291.0,33413799.7871
2025-08-28 19:00:00,0.22264,0.22347,0.2195,0.21955,211005971.0,46713111.00066
2025-08-28 20:00:00,0.21956,0.22145,0.21911,0.22106,147343982.0,32466959.04028
2025-08-28 21:00:00,0.22106,0.22221,0.22095,0.22202,77621811.0,17214366.70665
2025-08-28 22:00:00,0.22202,0.22456,0.22202,0.22419,171080694.0,38276669.59062
2025-08-28 23:00:00,0.22419,0.22478,0.22376,0.2243,152788682.0,34272736.08722
2025-08-29 00:00:00,0.2243,0.22538,0.22269,0.22303,267690859.0,59921279.9708
2025-08-29 01:00:00,0.22303,0.22344,0.21935,0.22033,383469130.0,84671482.67218
2025-08-29 02:00:00,0.22033,0.22394,0.22,0.22288,258360241.0,57502794.66614
2025-08-29 03:00:00,0.22288,0.22342,0.22143,0.22248,151633117.0,33725711.04217
2025-08-29 04:00:00,0.22249,0.22286,0.2202,0.22078,212148656.0,46968721.18914
2025-08-29 05:00:00,0.22079,0.22099,0.21984,0.22036,183806580.0,40502364.19858
2025-08-29 06:00:00,0.22036,0.22063,0.21745,0.21794,374911178.0,81984247.92173
2025-08-29 07:00:00,0.21795,0.21799,0.21415,0.21454,497683375.0,107316091.62952
2025-08-29 08:00:00,0.21454,0.21539,0.21236,0.21277,433276169.0,92653991.14421
2025-08-29 09:00:00,0.21276,0.21434,0.2116,0.21402,427902554.0,91226386.2695
2025-08-29 10:00:00,0.21402,0.2157,0.21385,0.21493,274233197.0,58899497.15323
2025-08-29 11:00:00,0.21493,0.21578,0.21422,0.21471,129372287.0,27808332.28871
2025-08-29 12:00:00,0.21471,0.22119,0.21457,0.21892,675798427.0,147465164.38778
2025-08-29 13:00:00,0.21892,0.21914,0.21361,0.21461,630766128.0,136187294.35999
2025-08-29 14:00:00,0.21461,0.21599,0.21207,0.21362,515394515.0,110319917.38159
2025-08-29 15:00:00,0.21363,0.2154,0.21266,0.21316,299901436.0,64280442.61137
2025-08-29 16:00:00,0.21316,0.21424,0.21144,0.21325,300033830.0,63900489.94126
2025-08-29 17:00:00,0.21325,0.21333,0.21053,0.21116,398600076.0,84338752.71255
2025-08-29 18:00:00,0.21116,0.21176,0.20966,0.21034,201119985.0,42331333.38873
2025-08-29 19:00:00,0.21034,0.21286,0.20972,0.21192,262582517.0,55545643.3
2025-08-29 20:00:00,0.21193,0.21292,0.20993,0.21069,353850397.0,74782082.06891
2025-08-29 21:00:00,0.21069,0.21311,0.20967,0.2127,167491300.0,35461303.55196
2025-08-29 22:00:00,0.21271,0.21283,0.21158,0.21252,84569254.0,17943826.08028
2025-08-29 23:00:00,0.21253,0.21445,0.21252,0.2138,176783148.0,37754592.55999
2025-08-30 00:00:00,0.2138,0.21447,0.2132,0.21397,128082352.0,27368572.69775
2025-08-30 01:00:00,0.21396,0.21483,0.21125,0.21153,244718296.0,52155919.68744
2025-08-30 02:00:00,0.21155,0.2159,0.21119,0.21542,324339143.0,69444145.23477
2025-08-30 03:00:00,0.21542,0.21881,0.21534,0.21758,300777866.0,65401144.05828
2025-08-30 04:00:00,0.21758,0.21822,0.21637,0.21646,131666534.0,28598682.50696
2025-08-30 05:00:00,0.21646,0.2175,0.21634,0.21649,137625726.0,29851083.07836
2025-08-30 06:00:00,0.21648,0.2171,0.21622,0.2164,96578304.0,20924884.67654
2025-08-30 07:00:00,0.2164,0.21719,0.21598,0.21719,104791361.0,22686128.29952
2025-08-30 08:00:00,0.21719,0.21758,0.216,0.21625,118062785.0,25595052.45121
2025-08-30 09:00:00,0.21625,0.21633,0.21523,0.21562,134048808.0,28929674.25217
2025-08-30 10:00:00,0.21563,0.21629,0.21493,0.21553,109196008.0,23542302.21327
2025-08-30 11:00:00,0.21554,0.21589,0.21471,0.21581,67983417.0,14640515.6798
2025-08-30 12:00:00,0.21581,0.216,0.21336,0.2147,212532755.0,45583746.7532
2025-08-30 13:00:00,0.21471,0.21533,0.21273,0.21515,230104087.0,49240802.97201
2025-08-30 14:00:00,0.21516,0.21547,0.21421,0.21499,124191975.0,26682640.86533
2025-08-30 15:00:00,0.215,0.21663,0.21451,0.21591,152821781.0,32963884.06577
2025-08-30 16:00:00,0.2159,0.2159,0.21493,0.21525,96204451.0,20722935.58273
2025-08-30 17:00:00,0.21525,0.21596,0.21452,0.21505,65897212.0,14180944.42608
2025-08-30 18:00:00,0.21505,0.21543,0.21446,0.21493,61318436.0,13177195.17626
2025-08-30 19:00:00,0.21493,0.21538,0.21458,0.21531,53088377.0,11414490.30973
2025-08-30 20:00:00,0.21532,0.21536,0.21435,0.21506,50041581.0,10748026.45954
2025-08-30 21:00:00,0.21506,0.21547,0.21471,0.2152,48553181.0,10443694.2928
2025-08-30 22:00:00,0.21521,0.21544,0.21455,0.2153,59469490.0,12786242.90214
2025-08-30 23:00:00,0.21531,0.21604,0.21525,0.21585,67931467.0,14656541.30425
2025-08-31 00:00:00,0.21586,0.21835,0.21583,0.21828,214861008.0,46648282.94741
2025-08-31 01:00:00,0.21829,0.21937,0.21734,0.21912,156976896.0,34284713.73039
2025-08-31 02:00:00,0.21911,0.21945,0.21831,0.21877,104570030.0,22884691.62952
2025-08-31 03:00:00,0.21878,0.2213,0.21864,0.22055,255915791.0,56290179.82255
2025-08-31 04:00:00,0.22056,0.22064,0.21832,0.21876,196818512.0,43209785.6327
2025-08-31 05:00:00,0.21877,0.21885,0.21772,0.21862,130953759.0,28570051.2544
2025-08-31 06:00:00,0.21861,0.21878,0.21701,0.21715,115350543.0,25124327.06403
2025-08-31 07:00:00,0.21715,0.21835,0.21707,0.21788,102727991.0,22381439.93383
2025-08-31 08:00:00,0.21788,0.21924,0.21787,0.21904,114066528.0,24946798.53943
2025-08-31 09:00:00,0.21905,0.21906,0.21737,0.21748,119002717.0,25963096.84842
2025-08-31 10:00:00,0.21748,0.21771,0.21602,0.21684,177572268.0,38487158.18966
2025-08-31 11:00:00,0.21684,0.21833,0.21644,0.21828,160240118.0,34835553.03548
2025-08-31 12:00:00,0.21827,0.21845,0.21675,0.21797,132476775.0,28825163.56063
2025-08-31 13:00:00,0.21796,0.21861,0.2169,0.21758,139741315.0,30426443.80297
2025-08-31 14:00:00,0.21759,0.21786,0.21618,0.21697,141119706.0,30625916.7885
2025-08-31 15:00:00,0.21697,0.21849,0.21688,0.21847,126183762.0,27469308.33914
2025-08-31 16:00:00,0.21848,0.21852,0.21726,0.21791,118219336.0,25767722.55631
2025-08-31 17:00:00,0.21792,0.21797,0.21688,0.21759,89544276.0,19470999.68214
2025-08-31 18:00:00,0.2176,0.21855,0.21744,0.21828,68762291.0,14997339.14313
2025-08-31 19:00:00,0.21827,0.21847,0.21714,0.21725,71490518.0,15559585.31161
2025-08-31 20:00:00,0.21725,0.21794,0.21673,0.21764,72477562.0,15763073.56058
2025-08-31 21:00:00,0.21764,0.21811,0.21698,0.21769,54687398.0,11901714.82672
2025-08-31 22:00:00,0.21769,0.21782,0.21528,0.21601,205579079.0,44515132.07457
2025-08-31 23:00:00,0.21601,0.21601,0.21314,0.21359,303178949.0,64972669.44135
2025-09-01 00:00:00,0.21358,0.21378,0.21083,0.21272,393707086.0,83634334.30196
2025-09-01 01:00:00,0.21272,0.214,0.21154,0.21264,219293561.0,46634381.886
2025-09-01 02:00:00,0.21264,0.2128,0.20869,0.20986,405812928.0,85352418.28449
2025-09-01 03:00:00,0.20987,0.21068,0.20882,0.21033,241032699.0,50570630.38775
2025-09-01 04:00:00,0.21033,0.21065,0.20824,0.20912,222570947.0,46574351.5794
2025-09-01 05:00:00,0.20912,0.21082,0.20805,0.21017,270343912.0,56631565.03174
2025-09-01 06:00:00,0.21017,0.21143,0.20902,0.21076,277619922.0,58389729.07843
2025-09-01 07:00:00,0.21076,0.21799,0.20971,0.2179,818809459.0,175767979.76304
2025-09-01 08:00:00,0.2179,0.2193,0.21609,0.21883,670069465.0,145847769.34315
2025-09-01 09:00:00,0.21882,0.21982,0.21768,0.21794,319880231.0,69965904.84303
2025-09-01 10:00:00,0.21795,0.21859,0.21506,0.21644,371754176.0,80584676.20447
2025-09-01 11:00:00,0.21644,0.21716,0.21521,0.21588,186799835.0,40382095.90327
2025-09-01 12:00:00,0.21587,0.21709,0.21514,0.21609,177982357.0,38515403.60564
2025-09-01 13:00:00,0.21609,0.21687,0.2141,0.21451,307358617.0,66221480.75814
2025-09-01 14:00:00,0.21451,0.21624,0.21398,0.21529,225970341.0,48595267.66815
2025-09-01 15:00:00,0.21529,0.21615,0.21262,0.2133,272753032.0,58387234.69967
2025-09-01 16:00:00,0.21329,0.21341,0.21102,0.21148,293302854.0,62194790.25672
2025-09-01 17:00:00,0.21148,0.2124,0.21006,0.21058,308204507.0,65023607.2385
2025-09-01 18:00:00,0.21058,0.21298,0.21042,0.21263,206803528.0,43797174.80521
2025-09-01 19:00:00,0.21263,0.21322,0.21161,0.21231,160815308.0,34157576.93267
2025-09-01 20:00:00,0.21232,0.21271,0.20654,0.20899,701875536.0,146500268.73069
2025-09-01 21:00:00,0.20898,0.20939,0.20459,0.20643,481762974.0,99653163.82634
2025-09-01 22:00:00,0.20643,0.20772,0.20539,0.20741,248380578.0,51330649.33344
2025-09-01 23:00:00,0.2074,0.211,0.20734,0.21063,289045971.0,60433819.21567
2025-09-02 00:00:00,0.21063,0.21163,0.20935,0.20982,264682665.0,55709210.03101
2025-09-02 01:00:00,0.20982,0.21208,0.2091,0.21049,275840420.0,58068746.77039
2025-09-02 02:00:00,0.21049,0.21293,0.20974,0.21284,188984805.0,39907383.02646
2025-09-02 03:00:00,0.21283,0.2141,0.21215,0.2133,296492356.0,63211536.48428
2025-09-02 04:00:00,0.2133,0.21415,0.2126,0.21408,190222898.0,40592509.36136
2025-09-02 05:00:00,0.21409,0.21436,0.21325,0.21412,125377177.0,26811399.55109
2025-09-02 06:00:00,0.21412,0.21483,0.2138,0.21421,153484989.0,32906601.93719
2025-09-02 07:00:00,0.21422,0.21429,0.2116,0.21217,317948130.0,67690369.09464
2025-09-02 08:00:00,0.21219,0.214,0.21209,0.21317,217067230.0,46258083.53669
2025-09-02 09:00:00,0.21318,0.21399,0.21283,0.21336,119279922.0,25445090.77487
2025-09-02 10:00:00,0.21337,0.2135,0.21252,0.21323,97229640.0,20704569.63762
2025-09-02 11:00:00,0.21324,0.21329,0.21108,0.21145,156111723.0,33102391.61729
2025-09-02 12:00:00,0.21144,0.21176,0.20648,0.20682,680541477.0,142109586.28466
2025-09-02 13:00:00,0.20683,0.21349,0.20671,0.21274,861243796.0,181253264.27086
2025-09-02 14:00:00,0.21274,0.2139,0.21076,0.21281,517701168.0,109972863.79219
2025-09-02 15:00:00,0.2128,0.21295,0.2088,0.20926,385083705.0,81174759.85813
2025-09-02 16:00:00,0.20926,0.21239,0.20923,0.21188,332191429.0,70058003.18652
2025-09-02 17:00:00,0.21189,0.21313,0.21171,0.21216,156958076.0,33346804.32356
2025-09-02 18:00:00,0.21216,0.21249,0.20964,0.2116,253589423.0,53550958.27886
2025-09-02 19:00:00,0.2116,0.21252,0.21012,0.21116,194863923.0,41130745.88353
2025-09-02 20:00:00,0.21115,0.21415,0.2107,0.2135,255822239.0,54442485.64647
2025-09-02 21:00:00,0.2135,0.21549,0.21305,0.21483,198559003.0,42542647.63219
2025-09-02 22:00:00,0.21484,0.215,0.21366,0.21482,145925306.0,31278965.91547
2025-09-02 23:00:00,0.21482,0.21539,0.21426,0.21481,115355004.0,24771017.96297
2025-09-03 00:00:00,0.2148,0.21542,0.21361,0.21383,218663391.0,46907472.15715
2025-09-03 01:00:00,0.21383,0.21492,0.21241,0.21486,187816401.0,40066333.48772
2025-09-03 02:00:00,0.21485,0.21682,0.21379,0.21607,418589889.0,90208482.24675
2025-09-03 03:00:00,0.21607,0.21639,0.21449,0.21522,158577030.0,34153303.83749
2025-09-03 04:00:00,0.21522,0.21553,0.21428,0.21514,112438320.0,24154621.88484
2025-09-03 05:00:00,0.21515,0.21525,0.21409,0.21453,106368132.0,22816034.55506
2025-09-03 06:00:00,0.21454,0.21619,0.21401,0.21579,194837099.0,41967639.42423
2025-09-03 07:00:00,0.2158,0.21627,0.21477,0.216,149323712.0,32197012.10182
2025-09-03 08:00:00,0.21599,0.21723,0.21505,0.21554,233410604.0,50433115.12826
2025-09-03 09:00:00,0.21555,0.21647,0.21462,0.21634,146046705.0,31481782.59855
2025-09-03 10:00:00,0.21635,0.21717,0.21579,0.21647,159981659.0,34640638.09582
2025-09-03 11:00:00,0.21646,0.21693,0.21622,0.21634,119968676.0,25984750.02741
2025-09-03 12:00:00,0.21634,0.21675,0.215,0.21541,181319035.0,39143435.33516
2025-09-03 13:00:00,0.2154,0.21885,0.21526,0.21691,407935994.0,88606259.28779
2025-09-03 14:00:00,0.21692,0.21961,0.21658,0.21872,387952870.0,84698799.07775
2025-09-03 15:00:00,0.21872,0.21945,0.218,0.21879,175496855.0,38383919.78701
2025-09-03 16:00:00,0.21878,0.21923,0.21734,0.2178,164126618.0,35825593.98466
2025-09-03 17:00:00,0.2178,0.21986,0.2178,0.21923,212575585.0,46563110.05682
2025-09-03 18:00:00,0.21923,0.21972,0.21852,0.21905,113242025.0,24809736.07376
2025-09-03 19:00:00,0.21904,0.22137,0.21855,0.22114,169048317.0,37195138.68465
2025-09-03 20:00:00,0.22114,0.22347,0.22114,0.22155,319359937.0,70969055.71615
2025-09-03 21:00:00,0.22156,0.22207,0.22042,0.22098,112805838.0,24959474.05534
2025-09-03 22:00:00,0.22097,0.2224,0.22064,0.22112,168711178.0,37374170.19996
2025-09-03 23:00:00,0.22113,0.22134,0.22018,0.22022,78603318.0,17344018.9778
2025-09-04 00:00:00,0.22022,0.221,0.21974,0.21995,114093343.0,25142046.81861
2025-09-04 01:00:00,0.21995,0.21998,0.21851,0.21916,162965331.0,35698130.87508
2025-09-04 02:00:00,0.21916,0.21926,0.21736,0.21765,163525458.0,35654445.15849
2025-09-04 03:00:00,0.21765,0.21778,0.21589,0.21634,204403281.0,44307707.08517
2025-09-04 04:00:00,0.21634,0.21728,0.21607,0.21651,176168974.0,38186987.39324
2025-09-04 05:00:00,0.21651,0.21651,0.21438,0.21539,332197161.0,71469168.4892
2025-09-04 06:00:00,0.21539,0.21541,0.21401,0.21418,198714559.0,42640543.64552
2025-09-04 07:00:00,0.21417,0.21538,0.21409,0.21514,162642787.0,34946552.84666
2025-09-04 08:00:00,0.21514,0.2163,0.21476,0.21482,195430306.0,42140737.3592
2025-09-04 09:00:00,0.21483,0.21549,0.21466,0.21548,92194488.0,19830064.59615
2025-09-04 10:00:00,0.21548,0.21633,0.21528,0.21548,149763679.0,32325191.19365
2025-09-04 11:00:00,0.21549,0.2165,0.21511,0.21549,116770546.0,25216507.01506
2025-09-04 12:00:00,0.2155,0.21694,0.21538,0.21656,208407523.0,45056055.53378
2025-09-04 13:00:00,0.21656,0.2169,0.21485,0.21525,206417671.0,44568287.22113
2025-09-04 14:00:00,0.21525,0.21539,0.21266,0.21416,509720857.0,109058067.66707
2025-09-04 15:00:00,0.21416,0.2143,0.2116,0.2122,395792559.0,84086800.84473
2025-09-04 16:00:00,0.21221,0.2128,0.21151,0.21206,190026138.0,40312575.52684
2025-09-04 17:00:00,0.21207,0.21343,0.21178,0.21188,150546957.0,32002853.14644
2025-09-04 18:00:00,0.21187,0.2131,0.2108,0.21125,305042137.0,64627773.22615
2025-09-04 19:00:00,0.21125,0.21207,0.21036,0.21061,164640272.0,34765060.31307
2025-09-04 20:00:00,0.21062,0.21239,0.21045,0.21204,135002070.0,28586722.32933
2025-09-04 21:00:00,0.21205,0.21289,0.21182,0.21267,89997344.0,19111680.062
2025-09-04 22:00:00,0.21267,0.21432,0.21252,0.21417,180102121.0,38408453.66419
2025-09-04 23:00:00,0.21417,0.2146,0.21217,0.2123,157000924.0,33505622.01171
2025-09-05 00:00:00,0.21229,0.2136,0.21171,0.21206,177301047.0,37709657.62899
2025-09-05 01:00:00,0.21207,0.21441,0.21176,0.21405,153231407.0,32681169.42839
2025-09-05 02:00:00,0.21404,0.21496,0.2138,0.21446,171250787.0,36718339.1148
2025-09-05 03:00:00,0.21446,0.21446,0.21276,0.21417,135758615.0,28978148.19047
2025-09-05 04:00:00,0.21418,0.21426,0.21342,0.21408,73159354.0,15645648.22339
2025-09-05 05:00:00,0.21408,0.21451,0.21388,0.21422,66296000.0,14201799.54899
2025-09-05 06:00:00,0.21421,0.21482,0.2136,0.21481,89144686.0,19090966.45875
2025-09-05 07:00:00,0.21481,0.2183,0.21472,0.218,495177351.0,107384908.01892
2025-09-05 08:00:00,0.218,0.21805,0.21631,0.2168,257154562.0,55799306.15057
2025-09-05 09:00:00,0.21681,0.21695,0.21521,0.21645,238299495.0,51488113.5722
2025-09-05 10:00:00,0.21645,0.21725,0.21619,0.2162,207128954.0,44889141.37794
2025-09-05 11:00:00,0.21619,0.21693,0.21592,0.21666,126314278.0,27344068.5388
2025-09-05 12:00:00,0.21666,0.22034,0.21624,0.2202,845190399.0,184664161.44987
2025-09-05 13:00:00,0.22019,0.22093,0.21914,0.22004,453943374.0,99867364.16084
2025-09-05 14:00:00,0.22004,0.22008,0.21245,0.21296,1306130804.0,281228407.00025
2025-09-05 15:00:00,0.21296,0.21535,0.21227,0.21409,339560176.0,72672888.7853
2025-09-05 16:00:00,0.21409,0.21521,0.21359,0.21479,167434028.0,35909132.55205
2025-09-05 17:00:00,0.21479,0.21504,0.21353,0.21457,144826848.0,31052996.74152
2025-09-05 18:00:00,0.21457,0.2164,0.21389,0.21599,176684749.0,38054457.14603
2025-09-05 19:00:00,0.21599,0.21728,0.21569,0.21722,182752818.0,39568089.25807
2025-09-05 20:00:00,0.21722,0.22002,0.21702,0.22002,306880951.0,67017613.22143
2025-09-05 21:00:00,0.22001,0.22008,0.21696,0.21781,332704039.0,72676959.98752
2025-09-05 22:00:00,0.21781,0.21872,0.21709,0.21837,137713007.0,30003430.4839
2025-09-05 23:00:00,0.21837,0.21879,0.2176,0.21778,108519250.0,23670676.7826
2025-09-06 00:00:00,0.21778,0.2188,0.21762,0.21799,118132238.0,25785645.1054
2025-09-06 01:00:00,0.218,0.21818,0.21736,0.21765,76652828.0,16690450.12459
2025-09-06 02:00:00,0.21766,0.21799,0.21677,0.21794,84965723.0,18460930.92766
2025-09-06 03:00:00,0.21794,0.2182,0.21723,0.21763,75664806.0,16467803.95616
2025-09-06 04:00:00,0.21763,0.21779,0.21569,0.21612,147938116.0,32005198.21431
2025-09-06 05:00:00,0.21612,0.21613,0.21512,0.21537,106304542.0,22916150.11084
2025-09-06 06:00:00,0.21537,0.21591,0.21522,0.21579,80953718.0,17454457.55421
2025-09-06 07:00:00,0.2158,0.21599,0.21561,0.21578,62983077.0,13593107.86055
2025-09-06 08:00:00,0.21579,0.21591,0.21512,0.21523,76442478.0,16473368.8565
2025-09-06 09:00:00,0.21523,0.21523,0.2141,0.21423,162851308.0,34936962.21235
2025-09-06 10:00:00,0.21422,0.21468,0.21388,0.21461,90039939.0,19287508.97774
2025-09-06 11:00:00,0.21462,0.21462,0.21391,0.21417,70185084.0,15029315.26439
2025-09-06 12:00:00,0.21416,0.21437,0.21322,0.21397,129631314.0,27715851.79939
2025-09-06 13:00:00,0.21398,0.21441,0.21365,0.21413,107952603.0,23104042.33447
2025-09-06 14:00:00,0.21413,0.21509,0.214,0.21457,122925564.0,26382534.27297
2025-09-06 15:00:00,0.21458,0.21488,0.21429,0.21434,37670984.0,8083533.94523
